{
    "app_hash": "eb06d4abfb49dc3eeb1aeb98ae0f581e",
    "app_id": 6,
    "app_version": "4.16.2 x64",
    "avatar": "img\/6321099120.png",
    "device": "Alcatel4187U",
    "first_name": "Severin",
    "ipv6": false,
    "lang_pack": "de",
    "last_check_time": 1712298861,
    "last_name": "Wei\u00df",
    "last_use": 1714247209,
    "layer": 167,
    "phone": "+12897046237",
    "premium": false,
    "proxy": [
        2,
        "resi.telegramproxy.net",
        16666,
        true,
        "gohzgfljdjsphaw40358-zone-resi-region-de",
        "avynqwcqhe"
    ],
    "register_time": 1712298861,
    "sdk": "SDK 30",
    "session_file": "+12897046237",
    "sex": "1",
    "system_lang_pack": "ar-ye",
    "username": null
}