{
    "app_hash": "eb06d4abfb49dc3eeb1aeb98ae0f581e",
    "app_id": 6,
    "app_version": "4.16.2 x64",
    "avatar": "img\/7047001084.png",
    "device": "samsungSM-G885F",
    "first_name": "Felix",
    "ipv6": false,
    "lang_pack": "nb",
    "last_check_time": 1712297276,
    "last_name": "Blumenthal",
    "last_use": 1714247234,
    "layer": 167,
    "phone": "+13434372101",
    "premium": false,
    "proxy": [
        2,
        "resi.telegramproxy.net",
        16666,
        true,
        "gohzgfljdjsphaw40358-zone-resi-region-de",
        "avynqwcqhe"
    ],
    "register_time": 1712297276,
    "sdk": "SDK 29",
    "session_file": "+13434372101",
    "sex": "1",
    "system_lang_pack": "ar-jo",
    "username": null
}