{
    "app_hash": "eb06d4abfb49dc3eeb1aeb98ae0f581e",
    "app_id": 6,
    "app_version": "4.16.2 x65",
    "avatar": "img\/6782229561.png",
    "device": "OPPOPCHT10",
    "first_name": "Boris",
    "ipv6": false,
    "lang_code": "ar",
    "last_check_time": 1712389275,
    "last_name": "Ackermann",
    "layer": 167,
    "phone": "+6282295684728",
    "premium": false,
    "proxy": null,
    "register_time": 1712389275,
    "sdk": "SDK 30",
    "session_file": "+6282295684728",
    "sex": "1",
    "system_lang_code": "ar-ae",
    "twoFA": "Sabine68",
    "username": null
}