{
    "app_hash": "eb06d4abfb49dc3eeb1aeb98ae0f581e",
    "app_id": 6,
    "app_version": "4.16.2 x65",
    "avatar": "img\/7052695643.png",
    "device": "samsungSC-02K",
    "first_name": "Benedikt",
    "ipv6": false,
    "lang_code": "sv",
    "last_check_time": 1712386507,
    "last_name": "Sommer",
    "layer": 167,
    "phone": "+6282295684727",
    "premium": false,
    "proxy": null,
    "register_time": 1712386507,
    "sdk": "SDK 29",
    "session_file": "+6282295684727",
    "sex": "1",
    "system_lang_code": "en-bz",
    "twoFA": "Sabine68",
    "username": null
}