{
    "app_hash": "eb06d4abfb49dc3eeb1aeb98ae0f581e",
    "app_id": 6,
    "app_version": "4.16.2 x65",
    "avatar": "img\/7078641592.png",
    "device": "Alcatel5029D",
    "first_name": "Karsten",
    "ipv6": false,
    "lang_code": "pl",
    "last_check_time": 1712388002,
    "last_name": "Grosse",
    "layer": 167,
    "phone": "+6282285417616",
    "premium": false,
    "proxy": null,
    "register_time": 1712388002,
    "sdk": "SDK 29",
    "session_file": "+6282285417616",
    "sex": "1",
    "system_lang_code": "en-bz",
    "twoFA": "Sabine68",
    "username": null
}