{
    "app_hash": "eb06d4abfb49dc3eeb1aeb98ae0f581e",
    "app_id": 6,
    "app_version": "4.16.2 x65",
    "avatar": "img\/6926958805.png",
    "device": "OPPOPACM00",
    "first_name": "Zellmer",
    "ipv6": false,
    "lang_code": "it",
    "last_check_time": 1712403650,
    "last_name": "Kuhn",
    "layer": 167,
    "phone": "+6282281842569",
    "premium": false,
    "proxy": null,
    "register_time": 1712403650,
    "sdk": "SDK 30",
    "session_file": "+6282281842569",
    "sex": "1",
    "system_lang_code": "es-ec",
    "twoFA": "Sabine68",
    "username": null
}