{
    "app_hash": "eb06d4abfb49dc3eeb1aeb98ae0f581e",
    "app_id": 6,
    "app_version": "4.16.2 x65",
    "avatar": "img\/7099084811.png",
    "device": "Alcatel5002F_EEA",
    "first_name": "Severin",
    "ipv6": false,
    "lang_code": "it",
    "last_check_time": 1712387301,
    "last_name": "Pohl",
    "layer": 167,
    "phone": "+6282285417736",
    "premium": false,
    "proxy": null,
    "register_time": 1712387301,
    "sdk": "SDK 30",
    "session_file": "+6282285417736",
    "sex": "1",
    "system_lang_code": "ro-md",
    "twoFA": "Sabine68",
    "username": null
}